<?xml version="1.0" encoding="UTF-8"?>
<root>
  <item name="com.androidkun.xtablayout.XTabLayout.Mode">
    <annotation name="android.support.annotation.IntDef">
      <val name="value" val="{com.androidkun.xtablayout.XTabLayout.MODE_SCROLLABLE, com.androidkun.xtablayout.XTabLayout.MODE_FIXED}" />
    </annotation>
  </item>
  <item name="com.androidkun.xtablayout.XTabLayout.TabGravity">
    <annotation name="android.support.annotation.IntDef">
      <val name="flag" val="true" />
      <val name="value" val="{com.androidkun.xtablayout.XTabLayout.GRAVITY_FILL, com.androidkun.xtablayout.XTabLayout.GRAVITY_CENTER}" />
    </annotation>
  </item>
</root>

